model,Median RMSE (A),Median RMSLE (A),SKUs evaluated (A),Median RMSE (B),Median RMSLE (B),SKUs evaluated (B)
Linear Regression,39.501,0.929,28.0,26.266853354452298,0.7107827897060424,28.0
Random Forest,31.002,0.747,28.0,19.12698073423991,0.5021970627815276,28.0
XGBoost,31.668,0.771,28.0,17.906192895399478,0.5089512168091996,28.0
