model,Median RMSE,Median RMSLE,Median MAPE,Mean RMSE,Mean RMSLE,SKUs evaluated
Linear Regression,26.266853354452298,0.7107827897060424,74.5223227419819,27.124333977607535,0.8932810629751131,28
Random Forest,19.12698073423991,0.5021970627815276,58.80121399994664,22.779439782863992,0.4917292531798812,28
XGBoost,17.906192895399478,0.5089512168091996,59.431782693031806,21.37964918305074,0.5068303315828941,28
